[
   {
      "packages" : [],
      "compiler" : {
         "location" : "na",
         "specified" : "na",
         "effective" : "na"
      },
      "files" : [
         "-../../../../driverlib/debug.h",
         "-../../../../driverlib/emac.h",
         "-../../../../driverlib/flash.h",
         "-../../../../driverlib/gpio.h",
         "-../../../../driverlib/interrupt.h",
         "-../../../../driverlib/pin_map.h",
         "-../../../../driverlib/rom.h",
         "-../../../../driverlib/rom_map.h",
         "-../../../../driverlib/ssi.h",
         "-../../../../driverlib/sysctl.h",
         "-../../../../driverlib/systick.h",
         "-../../../../driverlib/uart.h",
         "-../drivers/pinout.c",
         "-../drivers/pinout.h",
         "-../../../../inc/hw_emac.h",
         "-../../../../inc/hw_gpio.h",
         "-../../../../inc/hw_ints.h",
         "-../../../../inc/hw_memmap.h",
         "-../../../../inc/hw_nvic.h",
         "-../../../../inc/hw_types.h",
         "-../../../../inc/hw_uart.h",
         "-../../../../third_party/fatfs/port/mmc-ek-tm4c1294xl.c",
         "-../../../../third_party/fatfs/src/diskio.h",
         "-../../../../third_party/fatfs/src/ff.c",
         "-../../../../third_party/fatfs/src/ff.h",
         "-../../../../third_party/fatfs/src/ffconf.h",
         "-../../../../third_party/fatfs/src/integer.h",
         "-../../../../third_party/lwip-1.4.1/apps/httpserver_raw/fs.h",
         "-../../../../third_party/lwip-1.4.1/apps/httpserver_raw/fsdata.h",
         "-../../../../third_party/lwip-1.4.1/apps/httpserver_raw/httpd.c",
         "-../../../../third_party/lwip-1.4.1/apps/httpserver_raw/httpd.h",
         "-../../../../third_party/lwip-1.4.1/apps/httpserver_raw/httpd_structs.h",
         "-../../../../third_party/lwip-1.4.1/ports/tiva-tm4c129/include/arch/cc.h",
         "-../../../../third_party/lwip-1.4.1/ports/tiva-tm4c129/include/arch/perf.h",
         "-../../../../third_party/lwip-1.4.1/ports/tiva-tm4c129/include/netif/tivaif.h",
         "-../../../../third_party/lwip-1.4.1/ports/tiva-tm4c129/netif/tiva-tm4c129.c",
         "-../../../../third_party/lwip-1.4.1/ports/tiva-tm4c129/perf.c",
         "-../../../../third_party/lwip-1.4.1/ports/tiva-tm4c129/sys_arch.c",
         "-../../../../third_party/lwip-1.4.1/src/api/api_lib.c",
         "-../../../../third_party/lwip-1.4.1/src/api/api_msg.c",
         "-../../../../third_party/lwip-1.4.1/src/api/err.c",
         "-../../../../third_party/lwip-1.4.1/src/api/netbuf.c",
         "-../../../../third_party/lwip-1.4.1/src/api/netdb.c",
         "-../../../../third_party/lwip-1.4.1/src/api/netifapi.c",
         "-../../../../third_party/lwip-1.4.1/src/api/sockets.c",
         "-../../../../third_party/lwip-1.4.1/src/api/tcpip.c",
         "-../../../../third_party/lwip-1.4.1/src/core/def.c",
         "-../../../../third_party/lwip-1.4.1/src/core/dhcp.c",
         "-../../../../third_party/lwip-1.4.1/src/core/dns.c",
         "-../../../../third_party/lwip-1.4.1/src/core/init.c",
         "-../../../../third_party/lwip-1.4.1/src/core/ipv4/autoip.c",
         "-../../../../third_party/lwip-1.4.1/src/core/ipv4/icmp.c",
         "-../../../../third_party/lwip-1.4.1/src/core/ipv4/igmp.c",
         "-../../../../third_party/lwip-1.4.1/src/core/ipv4/inet.c",
         "-../../../../third_party/lwip-1.4.1/src/core/ipv4/inet_chksum.c",
         "-../../../../third_party/lwip-1.4.1/src/core/ipv4/ip.c",
         "-../../../../third_party/lwip-1.4.1/src/core/ipv4/ip_addr.c",
         "-../../../../third_party/lwip-1.4.1/src/core/ipv4/ip_frag.c",
         "-../../../../third_party/lwip-1.4.1/src/core/mem.c",
         "-../../../../third_party/lwip-1.4.1/src/core/memp.c",
         "-../../../../third_party/lwip-1.4.1/src/core/netif.c",
         "-../../../../third_party/lwip-1.4.1/src/core/pbuf.c",
         "-../../../../third_party/lwip-1.4.1/src/core/raw.c",
         "-../../../../third_party/lwip-1.4.1/src/core/snmp/asn1_dec.c",
         "-../../../../third_party/lwip-1.4.1/src/core/snmp/asn1_enc.c",
         "-../../../../third_party/lwip-1.4.1/src/core/snmp/mib2.c",
         "-../../../../third_party/lwip-1.4.1/src/core/snmp/mib_structs.c",
         "-../../../../third_party/lwip-1.4.1/src/core/snmp/msg_in.c",
         "-../../../../third_party/lwip-1.4.1/src/core/snmp/msg_out.c",
         "-../../../../third_party/lwip-1.4.1/src/core/stats.c",
         "-../../../../third_party/lwip-1.4.1/src/core/sys.c",
         "-../../../../third_party/lwip-1.4.1/src/core/tcp.c",
         "-../../../../third_party/lwip-1.4.1/src/core/tcp_in.c",
         "-../../../../third_party/lwip-1.4.1/src/core/tcp_out.c",
         "-../../../../third_party/lwip-1.4.1/src/core/timers.c",
         "-../../../../third_party/lwip-1.4.1/src/core/udp.c",
         "-../../../../third_party/lwip-1.4.1/src/include/ipv4/lwip/autoip.h",
         "-../../../../third_party/lwip-1.4.1/src/include/ipv4/lwip/icmp.h",
         "-../../../../third_party/lwip-1.4.1/src/include/ipv4/lwip/igmp.h",
         "-../../../../third_party/lwip-1.4.1/src/include/ipv4/lwip/inet.h",
         "-../../../../third_party/lwip-1.4.1/src/include/ipv4/lwip/inet_chksum.h",
         "-../../../../third_party/lwip-1.4.1/src/include/ipv4/lwip/ip.h",
         "-../../../../third_party/lwip-1.4.1/src/include/ipv4/lwip/ip_addr.h",
         "-../../../../third_party/lwip-1.4.1/src/include/ipv4/lwip/ip_frag.h",
         "-../../../../third_party/lwip-1.4.1/src/include/lwip/api.h",
         "-../../../../third_party/lwip-1.4.1/src/include/lwip/api_msg.h",
         "-../../../../third_party/lwip-1.4.1/src/include/lwip/arch.h",
         "-../../../../third_party/lwip-1.4.1/src/include/lwip/debug.h",
         "-../../../../third_party/lwip-1.4.1/src/include/lwip/def.h",
         "-../../../../third_party/lwip-1.4.1/src/include/lwip/dhcp.h",
         "-../../../../third_party/lwip-1.4.1/src/include/lwip/dns.h",
         "-../../../../third_party/lwip-1.4.1/src/include/lwip/err.h",
         "-../../../../third_party/lwip-1.4.1/src/include/lwip/init.h",
         "-../../../../third_party/lwip-1.4.1/src/include/lwip/mem.h",
         "-../../../../third_party/lwip-1.4.1/src/include/lwip/memp.h",
         "-../../../../third_party/lwip-1.4.1/src/include/lwip/memp_std.h",
         "-../../../../third_party/lwip-1.4.1/src/include/lwip/netdb.h",
         "-../../../../third_party/lwip-1.4.1/src/include/lwip/netif.h",
         "-../../../../third_party/lwip-1.4.1/src/include/lwip/netifapi.h",
         "-../../../../third_party/lwip-1.4.1/src/include/lwip/opt.h",
         "-../../../../third_party/lwip-1.4.1/src/include/lwip/pbuf.h",
         "-../../../../third_party/lwip-1.4.1/src/include/lwip/raw.h",
         "-../../../../third_party/lwip-1.4.1/src/include/lwip/snmp.h",
         "-../../../../third_party/lwip-1.4.1/src/include/lwip/snmp_msg.h",
         "-../../../../third_party/lwip-1.4.1/src/include/lwip/snmp_structs.h",
         "-../../../../third_party/lwip-1.4.1/src/include/lwip/sockets.h",
         "-../../../../third_party/lwip-1.4.1/src/include/lwip/stats.h",
         "-../../../../third_party/lwip-1.4.1/src/include/lwip/sys.h",
         "-../../../../third_party/lwip-1.4.1/src/include/lwip/tcp.h",
         "-../../../../third_party/lwip-1.4.1/src/include/lwip/tcp_impl.h",
         "-../../../../third_party/lwip-1.4.1/src/include/lwip/tcpip.h",
         "-../../../../third_party/lwip-1.4.1/src/include/lwip/timers.h",
         "-../../../../third_party/lwip-1.4.1/src/include/lwip/udp.h",
         "-../../../../third_party/lwip-1.4.1/src/include/netif/etharp.h",
         "-../../../../third_party/lwip-1.4.1/src/include/netif/ppp_oe.h",
         "-../../../../third_party/lwip-1.4.1/src/netif/etharp.c",
         "-../../../../third_party/lwip-1.4.1/src/netif/ppp/auth.c",
         "-../../../../third_party/lwip-1.4.1/src/netif/ppp/chap.c",
         "-../../../../third_party/lwip-1.4.1/src/netif/ppp/chpms.c",
         "-../../../../third_party/lwip-1.4.1/src/netif/ppp/fsm.c",
         "-../../../../third_party/lwip-1.4.1/src/netif/ppp/ipcp.c",
         "-../../../../third_party/lwip-1.4.1/src/netif/ppp/lcp.c",
         "-../../../../third_party/lwip-1.4.1/src/netif/ppp/magic.c",
         "-../../../../third_party/lwip-1.4.1/src/netif/ppp/md5.c",
         "-../../../../third_party/lwip-1.4.1/src/netif/ppp/pap.c",
         "-../../../../third_party/lwip-1.4.1/src/netif/ppp/ppp.c",
         "-../../../../third_party/lwip-1.4.1/src/netif/ppp/ppp_oe.c",
         "-../../../../third_party/lwip-1.4.1/src/netif/ppp/randm.c",
         "-../../../../third_party/lwip-1.4.1/src/netif/ppp/vj.c",
         "-../../../../utils/locator.c",
         "-../../../../utils/locator.h",
         "-../../../../utils/lwiplib.c",
         "-../../../../utils/lwiplib.h",
         "-../../../../utils/uartstdio.c",
         "-../../../../utils/uartstdio.h",
         "-../../../../utils/ustdlib.c",
         "-../../../../utils/ustdlib.h",
         "+enet_fs.c -> enet_fs.c",
         "+enet_fs.h -> enet_fs.h",
         "+enet_fsdata.h -> enet_fsdata.h",
         "+enet_lwip.c -> enet_lwip.c",
         "+enet_lwip_ccs.cmd -> enet_lwip_ccs.cmd",
         "+fs/404.htm -> fs/404.htm",
         "+fs/about.htm -> fs/about.htm",
         "+fs/block.htm -> fs/block.htm",
         "+fs/block.jpg -> fs/block.jpg",
         "+fs/ek-tm4c1294xl.jpg -> fs/ek-tm4c1294xl.jpg",
         "+fs/favicon.ico -> fs/favicon.ico",
         "+fs/index.htm -> fs/index.htm",
         "+fs/javascript.js -> fs/javascript.js",
         "+fs/overview.htm -> fs/overview.htm",
         "+fs/styles.css -> fs/styles.css",
         "+fs/ti.jpg -> fs/ti.jpg",
         "+fs/tm4c.jpg -> fs/tm4c.jpg",
         "+lwipopts.h -> lwipopts.h",
         "+startup_ccs.c -> startup_ccs.c",
         "+../drivers/pinout.c -> drivers/pinout.c",
         "+../../../../third_party/fatfs/port/mmc-ek-tm4c1294xl.c -> third_party/fatfs/port/mmc-ek-tm4c1294xl.c",
         "+../../../../third_party/fatfs/src/ff.c -> third_party/fatfs/src/ff.c",
         "+../../../../third_party/lwip-1.4.1/apps/httpserver_raw/httpd.c -> third_party/lwip-1.4.1/apps/httpserver_raw/httpd.c",
         "+../../../../utils/locator.c -> utils/locator.c",
         "+../../../../utils/lwiplib.c -> utils/lwiplib.c",
         "+../../../../utils/uartstdio.c -> utils/uartstdio.c",
         "+../../../../utils/ustdlib.c -> utils/ustdlib.c"
      ],
      "name" : "na",
      "default" : "na"
   }
]
