[
   {
      "packages" : [],
      "compiler" : {
         "location" : "na",
         "specified" : "na",
         "effective" : "na"
      },
      "files" : [
         "-../../../../driverlib/debug.h",
         "-../../../../driverlib/gpio.h",
         "-../../../../driverlib/sysctl.h",
         "-../../../../inc/hw_memmap.h",
         "-../../../../inc/hw_nvic.h",
         "-../../../../inc/hw_types.h",
         "+blinky.c -> blinky.c",
         "+blinky_ccs.cmd -> blinky_ccs.cmd",
         "+startup_ccs.c -> startup_ccs.c"
      ],
      "name" : "na",
      "default" : "na"
   }
]
