[
   {
      "packages" : [],
      "compiler" : {
         "location" : "na",
         "specified" : "na",
         "effective" : "na"
      },
      "files" : [
         "-../../../../driverlib/debug.h",
         "-../../../../driverlib/fpu.h",
         "-../../../../driverlib/gpio.h",
         "-../../../../driverlib/interrupt.h",
         "-../../../../driverlib/pin_map.h",
         "-../../../../driverlib/rom.h",
         "-../../../../driverlib/rom_map.h",
         "-../../../../driverlib/sysctl.h",
         "-../../../../driverlib/systick.h",
         "-../../../../driverlib/uart.h",
         "-../drivers/buttons.c",
         "-../drivers/buttons.h",
         "-../../../../inc/hw_gpio.h",
         "-../../../../inc/hw_ints.h",
         "-../../../../inc/hw_memmap.h",
         "-../../../../inc/hw_nvic.h",
         "-../../../../inc/hw_types.h",
         "-../../../../inc/hw_uart.h",
         "-../../../../utils/uartstdio.c",
         "-../../../../utils/uartstdio.h",
         "+gpio_jtag.c -> gpio_jtag.c",
         "+gpio_jtag_ccs.cmd -> gpio_jtag_ccs.cmd",
         "+startup_ccs.c -> startup_ccs.c",
         "+../drivers/buttons.c -> drivers/buttons.c",
         "+../../../../utils/uartstdio.c -> utils/uartstdio.c"
      ],
      "name" : "na",
      "default" : "na"
   }
]
