[
   {
      "packages" : [],
      "compiler" : {
         "location" : "na",
         "specified" : "na",
         "effective" : "na"
      },
      "files" : [
         "-../../../../boot_loader/bl_autobaud.c",
         "-../../../../boot_loader/bl_can.c",
         "-../../../../boot_loader/bl_can.h",
         "-../../../../boot_loader/bl_can_timing.h",
         "-../../../../boot_loader/bl_check.c",
         "-../../../../boot_loader/bl_check.h",
         "-../../../../boot_loader/bl_commands.h",
         "-../../../../boot_loader/bl_crc32.c",
         "-../../../../boot_loader/bl_crc32.h",
         "-../../../../boot_loader/bl_crystal.h",
         "-../../../../boot_loader/bl_decrypt.c",
         "-../../../../boot_loader/bl_decrypt.h",
         "-../../../../boot_loader/bl_emac.c",
         "-../../../../boot_loader/bl_flash.c",
         "-../../../../boot_loader/bl_flash.h",
         "-../../../../boot_loader/bl_hooks.h",
         "-../../../../boot_loader/bl_i2c.c",
         "-../../../../boot_loader/bl_i2c.h",
         "-../../../../boot_loader/bl_main.c",
         "-../../../../boot_loader/bl_packet.c",
         "-../../../../boot_loader/bl_packet.h",
         "-../../../../boot_loader/bl_ssi.c",
         "-../../../../boot_loader/bl_ssi.h",
         "-../../../../boot_loader/bl_uart.c",
         "-../../../../boot_loader/bl_uart.h",
         "-../../../../boot_loader/bl_usb.c",
         "-../../../../boot_loader/bl_usbfuncs.c",
         "-../../../../boot_loader/bl_usbfuncs.h",
         "-../../../../boot_loader/usbdfu.h",
         "-../../../../driverlib/emac.h",
         "-../../../../driverlib/gpio.h",
         "-../../../../driverlib/pin_map.h",
         "-../../../../driverlib/rom.h",
         "-../../../../driverlib/rom_map.h",
         "-../../../../driverlib/sysctl.h",
         "-../../../../inc/hw_can.h",
         "-../../../../inc/hw_emac.h",
         "-../../../../inc/hw_flash.h",
         "-../../../../inc/hw_gpio.h",
         "-../../../../inc/hw_i2c.h",
         "-../../../../inc/hw_ints.h",
         "-../../../../inc/hw_memmap.h",
         "-../../../../inc/hw_nvic.h",
         "-../../../../inc/hw_ssi.h",
         "-../../../../inc/hw_sysctl.h",
         "-../../../../inc/hw_types.h",
         "-../../../../inc/hw_uart.h",
         "-../../../../inc/hw_usb.h",
         "+bl_config.h -> bl_config.h",
         "+../../../../boot_loader/bl_autobaud.c -> boot_loader/bl_autobaud.c",
         "+../../../../boot_loader/bl_can.c -> boot_loader/bl_can.c",
         "+../../../../boot_loader/bl_check.c -> boot_loader/bl_check.c",
         "+../../../../boot_loader/bl_crc32.c -> boot_loader/bl_crc32.c",
         "+../../../../boot_loader/bl_decrypt.c -> boot_loader/bl_decrypt.c",
         "+../../../../boot_loader/bl_emac.c -> boot_loader/bl_emac.c",
         "+../../../../boot_loader/bl_flash.c -> boot_loader/bl_flash.c",
         "+../../../../boot_loader/bl_i2c.c -> boot_loader/bl_i2c.c",
         "+../../../../boot_loader/bl_link_ccs.cmd -> boot_loader/bl_link_ccs.cmd",
         "+../../../../boot_loader/bl_main.c -> boot_loader/bl_main.c",
         "+../../../../boot_loader/bl_packet.c -> boot_loader/bl_packet.c",
         "+../../../../boot_loader/bl_ssi.c -> boot_loader/bl_ssi.c",
         "+../../../../boot_loader/bl_startup_ccs.s -> boot_loader/bl_startup_ccs.s",
         "+../../../../boot_loader/bl_uart.c -> boot_loader/bl_uart.c",
         "+../../../../boot_loader/bl_usb.c -> boot_loader/bl_usb.c",
         "+../../../../boot_loader/bl_usbfuncs.c -> boot_loader/bl_usbfuncs.c"
      ],
      "name" : "na",
      "default" : "na"
   }
]
