[
   {
      "packages" : [],
      "compiler" : {
         "location" : "na",
         "specified" : "na",
         "effective" : "na"
      },
      "files" : [
         "-../../../../driverlib/gpio.h",
         "-../../../../driverlib/pin_map.h",
         "-../../../../driverlib/rom.h",
         "-../../../../driverlib/rom_map.h",
         "-../../../../driverlib/sysctl.h",
         "-../../../../driverlib/udma.h",
         "-../../../../inc/hw_flash.h",
         "-../../../../inc/hw_gpio.h",
         "-../../../../inc/hw_memmap.h",
         "-../../../../inc/hw_nvic.h",
         "-../../../../inc/hw_sysctl.h",
         "-../../../../inc/hw_types.h",
         "-../../../../usblib/host/usbhmsc.h",
         "-../../../../usblib/host/usbhost.h",
         "-../../../../usblib/usblib.h",
         "-../../../../usblib/usbmsc.h",
         "+simple_fs.c -> simple_fs.c",
         "+simple_fs.h -> simple_fs.h",
         "+startup_ccs.c -> startup_ccs.c",
         "+usb_stick_update.c -> usb_stick_update.c",
         "+usb_stick_update_ccs.cmd -> usb_stick_update_ccs.cmd"
      ],
      "name" : "na",
      "default" : "na"
   }
]
