[
   {
      "packages" : [],
      "compiler" : {
         "location" : "na",
         "specified" : "na",
         "effective" : "na"
      },
      "files" : [
         "-../../../../driverlib/debug.h",
         "-../../../../driverlib/gpio.h",
         "-../../../../driverlib/interrupt.h",
         "-../../../../driverlib/pin_map.h",
         "-../../../../driverlib/rom.h",
         "-../../../../driverlib/rom_map.h",
         "-../../../../driverlib/sysctl.h",
         "-../../../../driverlib/uart.h",
         "-../../../../driverlib/udma.h",
         "-../../../../driverlib/usb.h",
         "-../drivers/pinout.c",
         "-../drivers/pinout.h",
         "-../../../../inc/hw_gpio.h",
         "-../../../../inc/hw_ints.h",
         "-../../../../inc/hw_memmap.h",
         "-../../../../inc/hw_nvic.h",
         "-../../../../inc/hw_types.h",
         "-../../../../inc/hw_uart.h",
         "-../../../../usblib/host/usbhhid.h",
         "-../../../../usblib/host/usbhhidkeyboard.h",
         "-../../../../usblib/host/usbhost.h",
         "-../../../../usblib/usbhid.h",
         "-../../../../usblib/usblib.h",
         "-../../../../utils/uartstdio.c",
         "-../../../../utils/uartstdio.h",
         "+startup_ccs.c -> startup_ccs.c",
         "+usb_host_keyboard.c -> usb_host_keyboard.c",
         "+usb_host_keyboard_ccs.cmd -> usb_host_keyboard_ccs.cmd",
         "+../drivers/pinout.c -> drivers/pinout.c",
         "+../../../../utils/uartstdio.c -> utils/uartstdio.c"
      ],
      "name" : "na",
      "default" : "na"
   }
]
