[
   {
      "packages" : [],
      "compiler" : {
         "location" : "na",
         "specified" : "na",
         "effective" : "na"
      },
      "files" : [
         "-../../../../driverlib/debug.h",
         "-../../../../driverlib/gpio.h",
         "-../../../../driverlib/interrupt.h",
         "-../../../../driverlib/pin_map.h",
         "-../../../../driverlib/rom.h",
         "-../../../../driverlib/rom_map.h",
         "-../../../../driverlib/sysctl.h",
         "-../../../../driverlib/uart.h",
         "-../../../../inc/hw_ints.h",
         "-../../../../inc/hw_memmap.h",
         "-../../../../inc/hw_nvic.h",
         "-../../../../inc/hw_types.h",
         "+startup_ccs.c -> startup_ccs.c",
         "+uart_echo.c -> uart_echo.c",
         "+uart_echo_ccs.cmd -> uart_echo_ccs.cmd"
      ],
      "name" : "na",
      "default" : "na"
   }
]
