[
   {
      "packages" : [],
      "compiler" : {
         "location" : "na",
         "specified" : "na",
         "effective" : "na"
      },
      "files" : [
         "-../../../../driverlib/debug.h",
         "-../../../../driverlib/gpio.h",
         "-../../../../driverlib/interrupt.h",
         "-../../../../driverlib/pin_map.h",
         "-../../../../driverlib/rom.h",
         "-../../../../driverlib/rom_map.h",
         "-../../../../driverlib/sysctl.h",
         "-../../../../driverlib/uart.h",
         "-../../../../driverlib/udma.h",
         "-../drivers/pinout.c",
         "-../drivers/pinout.h",
         "-../../../../inc/hw_gpio.h",
         "-../../../../inc/hw_ints.h",
         "-../../../../inc/hw_memmap.h",
         "-../../../../inc/hw_nvic.h",
         "-../../../../inc/hw_types.h",
         "-../../../../inc/hw_uart.h",
         "-../../../../third_party/fatfs/port/fat_usbmsc.c",
         "-../../../../third_party/fatfs/src/diskio.h",
         "-../../../../third_party/fatfs/src/ff.c",
         "-../../../../third_party/fatfs/src/ff.h",
         "-../../../../third_party/fatfs/src/ffconf.h",
         "-../../../../third_party/fatfs/src/integer.h",
         "-../../../../usblib/host/usbhmsc.h",
         "-../../../../usblib/host/usbhost.h",
         "-../../../../usblib/usblib.h",
         "-../../../../usblib/usbmsc.h",
         "-../../../../utils/cmdline.c",
         "-../../../../utils/cmdline.h",
         "-../../../../utils/uartstdio.c",
         "-../../../../utils/uartstdio.h",
         "-../../../../utils/ustdlib.c",
         "-../../../../utils/ustdlib.h",
         "+startup_ccs.c -> startup_ccs.c",
         "+usb_host_msc.c -> usb_host_msc.c",
         "+usb_host_msc_ccs.cmd -> usb_host_msc_ccs.cmd",
         "+../drivers/pinout.c -> drivers/pinout.c",
         "+../../../../third_party/fatfs/port/fat_usbmsc.c -> third_party/fatfs/port/fat_usbmsc.c",
         "+../../../../third_party/fatfs/src/ff.c -> third_party/fatfs/src/ff.c",
         "+../../../../utils/cmdline.c -> utils/cmdline.c",
         "+../../../../utils/uartstdio.c -> utils/uartstdio.c",
         "+../../../../utils/ustdlib.c -> utils/ustdlib.c"
      ],
      "name" : "na",
      "default" : "na"
   }
]
