[
   {
      "packages" : [],
      "compiler" : {
         "location" : "na",
         "specified" : "na",
         "effective" : "na"
      },
      "files" : [
         "-../../../../driverlib/debug.h",
         "-../../../../driverlib/emac.h",
         "-../../../../driverlib/flash.h",
         "-../../../../driverlib/gpio.h",
         "-../../../../driverlib/interrupt.h",
         "-../../../../driverlib/pin_map.h",
         "-../../../../driverlib/rom.h",
         "-../../../../driverlib/rom_map.h",
         "-../../../../driverlib/sysctl.h",
         "-../../../../driverlib/systick.h",
         "-../../../../driverlib/uart.h",
         "-../drivers/pinout.c",
         "-../drivers/pinout.h",
         "-../../../../inc/hw_emac.h",
         "-../../../../inc/hw_gpio.h",
         "-../../../../inc/hw_ints.h",
         "-../../../../inc/hw_memmap.h",
         "-../../../../inc/hw_nvic.h",
         "-../../../../inc/hw_types.h",
         "-../../../../inc/hw_uart.h",
         "-../../../../third_party/uip-1.0/apps/dhcpc/dhcpc.c",
         "-../../../../third_party/uip-1.0/apps/dhcpc/dhcpc.h",
         "-../../../../third_party/uip-1.0/apps/httpd/httpd.c",
         "-../../../../third_party/uip-1.0/apps/httpd/httpd.h",
         "-../../../../third_party/uip-1.0/uip/clock.h",
         "-../../../../third_party/uip-1.0/uip/lc-switch.h",
         "-../../../../third_party/uip-1.0/uip/lc.h",
         "-../../../../third_party/uip-1.0/uip/pt.h",
         "-../../../../third_party/uip-1.0/uip/uip.c",
         "-../../../../third_party/uip-1.0/uip/uip.h",
         "-../../../../third_party/uip-1.0/uip/uip_arch.h",
         "-../../../../third_party/uip-1.0/uip/uip_arp.c",
         "-../../../../third_party/uip-1.0/uip/uip_arp.h",
         "-../../../../third_party/uip-1.0/uip/uip_timer.c",
         "-../../../../third_party/uip-1.0/uip/uip_timer.h",
         "-../../../../third_party/uip-1.0/uip/uipopt.h",
         "-../../../../utils/uartstdio.c",
         "-../../../../utils/uartstdio.h",
         "-../../../../utils/ustdlib.c",
         "-../../../../utils/ustdlib.h",
         "+clock-arch.h -> clock-arch.h",
         "+enet_uip.c -> enet_uip.c",
         "+enet_uip_ccs.cmd -> enet_uip_ccs.cmd",
         "+startup_ccs.c -> startup_ccs.c",
         "+uip-conf.h -> uip-conf.h",
         "+../drivers/pinout.c -> drivers/pinout.c",
         "+../../../../third_party/uip-1.0/apps/dhcpc/dhcpc.c -> third_party/uip-1.0/apps/dhcpc/dhcpc.c",
         "+../../../../third_party/uip-1.0/apps/httpd/httpd.c -> third_party/uip-1.0/apps/httpd/httpd.c",
         "+../../../../third_party/uip-1.0/uip/uip.c -> third_party/uip-1.0/uip/uip.c",
         "+../../../../third_party/uip-1.0/uip/uip_arp.c -> third_party/uip-1.0/uip/uip_arp.c",
         "+../../../../third_party/uip-1.0/uip/uip_timer.c -> third_party/uip-1.0/uip/uip_timer.c",
         "+../../../../utils/uartstdio.c -> utils/uartstdio.c",
         "+../../../../utils/ustdlib.c -> utils/ustdlib.c"
      ],
      "name" : "na",
      "default" : "na"
   }
]
