[
   {
      "packages" : [],
      "compiler" : {
         "location" : "na",
         "specified" : "na",
         "effective" : "na"
      },
      "files" : [
         "-../../../../driverlib/debug.h",
         "-../../../../driverlib/fpu.h",
         "-../../../../driverlib/gpio.h",
         "-../../../../driverlib/interrupt.h",
         "-../../../../driverlib/pin_map.h",
         "-../../../../driverlib/rom.h",
         "-../../../../driverlib/rom_map.h",
         "-../../../../driverlib/sysctl.h",
         "-../../../../driverlib/systick.h",
         "-../../../../driverlib/timer.h",
         "-../../../../driverlib/uart.h",
         "-../../../../driverlib/udma.h",
         "-../../../../inc/hw_ints.h",
         "-../../../../inc/hw_memmap.h",
         "-../../../../inc/hw_nvic.h",
         "-../../../../inc/hw_types.h",
         "-../../../../inc/hw_uart.h",
         "-../../../../utils/cpu_usage.c",
         "-../../../../utils/cpu_usage.h",
         "-../../../../utils/uartstdio.c",
         "-../../../../utils/uartstdio.h",
         "-../../../../utils/ustdlib.c",
         "-../../../../utils/ustdlib.h",
         "+startup_ccs.c -> startup_ccs.c",
         "+udma_demo.c -> udma_demo.c",
         "+udma_demo_ccs.cmd -> udma_demo_ccs.cmd",
         "+../../../../utils/cpu_usage.c -> utils/cpu_usage.c",
         "+../../../../utils/uartstdio.c -> utils/uartstdio.c",
         "+../../../../utils/ustdlib.c -> utils/ustdlib.c"
      ],
      "name" : "na",
      "default" : "na"
   }
]
